<annotation>
	<folder>model</folder>
	<filename>korban_uno_17.jpg</filename>
	<path>/home/pipod/Desktop/Project/TensorFlowAdvanced/model/korban_uno_17.jpg</path>
	<source>
		<database>Unknown</database>
	</source>
	<size>
		<width>640</width>
		<height>480</height>
		<depth>3</depth>
	</size>
	<segmented>0</segmented>
	<object>
		<name>korban</name>
		<pose>Unspecified</pose>
		<truncated>0</truncated>
		<difficult>0</difficult>
		<bndbox>
			<xmin>138</xmin>
			<ymin>176</ymin>
			<xmax>468</xmax>
			<ymax>306</ymax>
		</bndbox>
	</object>
</annotation>
